CS 100: Freshman Orientation,3.75,1,868,3,['Elsa Gunter'],['N/A'],['Required'],Introduction to Computer Science as a field and career for computer science majors. Overview of the field and specific examples of problem areas and methods of solution.
CS 101: Intro Computing: Engrg & Sci,3.06,3,3525,41,['Neal E Davis'],"['MATH 220', 'MATH 221']",['N/A'],"Fundamental principles, concepts, and methods of computing, with emphasis on applications in the physical sciences and engineering. Basic problem solving and programming techniques; fundamental algorithms and data structures; use of computers in solving engineering and scientific problems. Intended for engineering and science majors."
CS 102: Little Bits to Big Ideas,N/A,4,N/A,N/A,['N/A'],['N/A'],['N/A'],Same as INFO 102. See INFO 102.This course satisfies the General Education Criteria for:Quantitative Reasoning I
CS 105: Intro Computing: Non-Tech,3.43,3,3320,50,"['Albert Fred Harris, III']",['MATH 112'],['N/A'],"Computing as an essential tool of academic and professional activities. Functions and interrelationships of computer system components: hardware, systems and applications software, and networks. Widely used application packages such as spreadsheets and databases. Concepts and practice of programming for the solution of simple problems in different application areas. Intended for non-science and non-engineering majors."
CS 125: Intro to Computer Science,3.43,4,2683,13,['Geoffrey Werner Challen'],['MATH 112'],['Required'],Basic concepts in computing and fundamental techniques for solving computational problems. Intended as a first course for computer science majors and others with a deep interest in computing.
CS 126: Software Design Studio,3.75,3,34,1,['Graham Carl Evans'],['CS 125'],['Required'],"Fundamental principles and techniques of software development. Design, documentation, testing, and debugging software, with a significant emphasis on code review."
CS 173: Discrete Structures,3.06,3,2500,75,['N/A'],"['CS 125', 'ECE 220', 'MATH 220', 'MATH 221']",['Required'],"Discrete mathematical structures frequently encountered in the study of Computer Science. Sets, propositions, Boolean algebra, induction, recursion, relations, functions, and graphs."
CS 196: Freshman Honors,3.80,1,751,9,"['Margaret M Fleck', 'William L Chapman']",['Concurrent registration in another 100-level computer science course'],['N/A'],Offered for honors credit in conjunction with other 100-level computer science courses taken concurrently. A special examination may be required for admission to this course.
CS 199: Undergraduate Open Seminar,3.84,3,83,3,"['Robert J Brunner', 'William L Chapman']",['N/A'],['N/A'],Topics vary.
CS 210: Ethical & Professional Issues,3.54,2,1009,7,['Ryan Matthew Cunningham'],['CS 225'],['Required'],"Ethics for the computing profession. Ethical decision-making; licensing; intellectual property, freedom of information, and privacy."
CS 225: Data Structures,3.09,4,3196,12,"['Wade A Fagen-Ulmschneider', 'A Mattox Beckman, Jr']","['CS 125', 'ECE 220', 'CS 173', 'MATH 213']",['Required'],"Data abstractions: elementary data structures (lists, stacks, queues, and trees) and their implementation using an object-oriented programming language. Solutions to a variety of computational problems such as search on graphs and trees. Elementary analysis of algorithms."
CS 233: Computer Architecture,2.89,4,1443,9,['Geoffrey Lindsay Herman'],"['CS 125', 'CS 173', 'CS 225']",['Required'],"Fundamentals of computer architecture: digital logic design, working up from the logic gate level to understand the function of a simple computer; machine-level programming to understand implementation of high-level languages; performance models of modern computer architectures to enable performance optimization of software; hardware primitives for parallelism and security."
CS 241: System Programming,2.77,4,1314,7,"['Graham Carl Evans', 'Lawrence Christopher Angrave']","['CS 225', 'CS 233']",['Required'],"Basics of system programming, including POSIX processes, process control, inter-process communication, synchronization, signals, simple memory management, file I/O and directories, shell programming, socket network programming, RPC programming in distributed systems, basic security mechanisms, and standard tools for systems programming such as debugging tools."
CS 242: Programming Studio,3.34,3,849,5,['Michael Joseph Woodley'],['CS 241'],['N/A'],Intensive programming lab intended to strengthen skills in programming.
CS 296: Honors Course,3.61,1,425,11,"['Wade A Fagen-Ulmschneider', 'A Mattox Beckman, Jr', 'Geoffrey Lindsay Herman', 'Craig Zilles']",['Concurrent registration in another 200-level computer science course'],['N/A'],Group projects for honors credit in computer science. Sections of this course are offered in conjunction with other 200-level computer science courses taken concurrently. A special examination may be required for admission to this course.
CS 357: Numerical Methods I,2.97,3,1277,9,['Mariana Silva'],"['A 100-level', 'MATH 225', 'MATH 415', 'MATH 241']",['Required'],"Fundamentals of numerical methods for students in science and engineering; floating-point computation, systems of linear equations, approximation of functions and integrals, the single nonlinear equation, and the numerical solution of ordinary differential equations; various applications in science and engineering; programming exercises and use of high quality mathematical library routines."
CS 361: Prob & Stat for Computer Sci,3.37,3,66,1,['Saurabh Sinha'],"['MATH 220', 'MATH 225']",['Required'],"Introduction to probability theory and statistics with applications to computer science. Topics include: visualizing datasets, summarizing data, basic descriptive statistics, conditional probability, independence, Bayes theorem, random variables, joint and conditional distributions, expectation, variance and covariance, central limit theorem. Markov inequality, Chebyshev inequality, law of large numbers, Markov chains, simulation, the PageRank algorithm, populations and sampling, sample mean, standard error, maximum likelihood estimation, Bayes estimation, hypothesis testing, confidence intervals, linear regression, principal component analysis, classification, and decision trees."
CS 374: Intro to Algs & Models of Comp,2.50,4,397,1,['Sariel Har-Peled'],"['CS 225', 'MATH 225', 'MATH 415']",['Required'],"Analysis of algorithms, major paradigms of algorithm design including recursive algorithms, divide-and-conquer algorithms, dynamic programming, greedy algorithms, and graph algorithms. Formal models of computation including finite automata and Turing machines. Limitations of computation arising from fundamental notions of algorithm and from complexity-theoretic constraints. Reductions, undecidability and NP-completeness."
CS 397: Individual Study,N/A,3,N/A,N/A,"['Tarek Abdelzaher', 'Eric Gene Shaffer', 'Shobha Vasudevan', 'Maria Jesus Garzaran', 'Alex Kirlik', 'Edgar Solomonik', 'Michael Bernard Twidale', 'A Mattox Beckman, Jr', 'Alexandra Kolla', 'Ranjitha Kumar', 'William D Gropp', 'Manoj M Prabhakaran', 'Madhusudan Parthasarathy', 'David A Padua', 'Vikram Adve', 'Michael Joseph Woodley', 'Hari Sundaram', 'William H Sanders', 'Eyal Amir', 'Bertram Ludaescher', 'Steven M. LaValle', 'Tandy Warnow', 'Nitin H Vaidya', 'Timothy Bretl', 'Corina R Girju', 'Volodymyr Kindratenko', 'Derek W Hoiem', 'David E Goldberg', 'Alexander Schwing', 'Mark Sammons', 'Andreas Paul Eberhard Kloeckner', 'Darko Marinov', 'Ruta Mehta', 'Thomas J Anastasio', 'Elsa Gunter', 'Robert J Brunner', 'Lui Sha', 'Indranil Gupta', 'Ravishankar K Iyer', 'Craig Zilles', 'Grigore Rosu', 'Gul A Agha', 'Jian Peng', 'Brian P Bailey', 'Ryan Matthew Cunningham', 'Luke Olson', 'Aditya G Parameswaran', 'Zbigniew T Kalbarczyk', 'Albert Fred Harris, III', 'John Christian Bambenek', 'Matthew Caesar', 'Marco Caccamo', 'Ganna Yershova', 'Michael Bailey', 'Seth Hutchinson', 'Umberto Ravaioli', 'Bruce R Schatz', 'Samuel Talmadge King', 'Jennifer S Cole', 'Jian Ma', 'David Alexander Forsyth', 'Robin Hillary Kravets', 'Josep Torrellas', 'Marsha Cook Woodbury', 'Philip B Godfrey', 'Matthew I Frank', 'Jose Meseguer', 'Marianne S Winslett', 'Geoffrey Lindsay Herman', 'Fei-Fei Li', 'Lawrence Christopher Angrave', 'Constantine Polychronopoulos', 'Narendra Ahuja', 'William L Chapman', 'Wen-Mei W Hwu', 'Donna Brown', 'Gerald F DeJong, II', 'Roy H Campbell', 'Margaret M Fleck', 'Cinda Heeren', 'Nikita Borisov', 'Svetlana Lazebnik', 'Neal E Davis', 'Victoria Stodden', 'Sanmi Koyejo', 'Thomas S Huang', 'Jiawei Han', 'Nikolaos V Sahinidis', 'Adam Macneil Bates', 'Klara Nahrstedt', 'Paul Fischer', 'Sarita V Adve', 'Kevin Chen-Chuan Chang', 'Christopher Wardlaw Fletcher', 'Anil Nirmal Hirani', 'Carl Gunter', 'ChengXiang Zhai', 'Mani Golparvar Fard', 'Sariel Har-Peled', 'Tao Xie', 'Negar Kiyavash', 'Ralph E Johnson', 'Saurabh Sinha', 'Wai-Tat Fu', 'Laxmikant V Kale', 'Marc Snir', 'Sheng Zhong', 'Romit Roy Choudhury', 'Michael T Heath', 'Julia Constanze Hockenmaier', 'Sharad Mehrotra', 'Matus Jan Telgarsky', 'David M. Nicol', 'Michael C Loui', 'Jeff G Erickson', 'Karrie Karahalios', 'Andrew Miller', 'Mahesh Viswanathan', 'Paris Smaragdis', 'Dan Roth', 'John C Hart', 'Chandra Sekhar Chekuri', 'Arthur F Kramer', 'Wade A Fagen-Ulmschneider', 'Sewoong Oh', 'Masooda N Bashir', 'Sheldon Howard Jacobson', 'Leonard B Pitt', 'Sasa Misailovic', 'Samuel N Kamin']",['N/A'],['N/A'],May be repeated. Prerequisite: Consent of instructor.
CS 398: Special Topics,N/A,1,N/A,N/A,['Victoria Stodden'],['N/A'],['N/A'],Subject offerings of new and developing areas of knowledge in computer science intended to augment the existing curriculum. See Class Schedule or departmental course information for topics and prerequisites. May be repeated in the same or separate terms if topics vary.
CS 410: Text Information Systems,3.86,3,421,3,['ChengXiang Zhai'],['CS 225'],['Intelligence and Big Data'],"Theory, design, and implementation of text-based information systems. Text analysis, retrieval models (e.g., Boolean, vector space, probabilistic), text categorization, text filtering, clustering, retrieval system design and implementation, and applications to web information management."
CS 411: Database Systems,3.26,3,980,5,"['Kevin Chen-Chuan Chang', 'Aditya G Parameswaran']",['CS 225'],['Intelligence and Big Data'],"Examination of the logical organization of databases: the entity-relationship model; the hierarchical, network, and relational data models and their languages. Functional dependencies and normal forms. Design, implementation, and optimization of query languages; security and integrity; concurrency control, and distributed database systems."
CS 412: Introduction to Data Mining,3.06,3,632,5,['Jiawei Han'],['CS 225'],['Intelligence and Big Data'],"Concepts, techniques, and systems of data warehousing and data mining. Design and implementation of data warehouse and on-line analytical processing (OLAP) systems; data mining concepts, methods, systems, implementations, and applications."
CS 413: Intro to Combinatorics,N/A,3,N/A,N/A,['N/A'],['N/A'],['Algorithms and Models of Computation'],Same as MATH 413. See MATH 413.
CS 414: Multimedia Systems,N/A,3,N/A,N/A,['N/A'],"['CS 241', 'ECE 391']","['Intelligence and Big Data', 'Media']","Organization and structure of modern multimedia systems; audio and video encoding; quality of service concepts; scheduling algorithms for multimedia within OS and networks multimedia protocols over high-speed networks; synchronization schemes, user-interface design; multimedia teleservices. 3 undergraduate hours. 3 or 4 graduate hours. Prerequisite: CS 241 or ECE 391."
CS 418: Interactive Computer Graphics,3.28,3,800,5,['Eric Gene Shaffer'],"['CS 225', 'MATH 225', 'MATH 415', 'MATH 241']",['Media'],"Basic mathematical tools and computational techniques for modeling, rendering, and animating 3-D scenes."
CS 419: Production Computer Graphics,3.50,3,39,1,['Eric Gene Shaffer'],['CS 418'],"['Media', 'Scientific, Parallel, and High Performance Computing']","Advanced methods for representing, displaying, and rendering two-, three-, and four-dimensional scenes. General algebraic curves and surfaces, splines, Gaussian and bump-function representation, fractals, particle systems, constructive solid geometry methods, lighting models, radiosity, advanced ray-tracing methods, surface texturing animation techniques, data visualization methods."
CS 420: Parallel Progrmg: Sci & Engrg,3.34,3,144,3,['Marc Snir'],['CS 225'],['N/A'],"Fundamental issues in design and development of parallel programs for various types of parallel computers. Various programming models according to both machine type and application area. Cost models, debugging, and performance evaluation of parallel programs with actual application examples."
CS 421: Progrmg Languages & Compilers,3.36,3,759,7,"['Sasa Misailovic', 'Madhusudan Parthasarathy']","['CS 233', 'CS 373']",['Required'],"Structure of programming languages and their implementation. Basic language design principles; abstract data types; functional languages; type systems; object-oriented languages. Basics of lexing, parsing, syntax-directed translation, semantic analysis, and code generation."
CS 422: Programming Language Design,N/A,3,N/A,N/A,['N/A'],['CS 421'],['Software Foundations'],Exploration of major language design paradigms using imperative and functional programming as unifying themes. Tools include both practical language processor construction and theoretical models. 3 undergraduate hours. 3 or 4 graduate hours. Prerequisite: CS 421.
CS 423: Operating Systems Design,3.64,3,225,2,['N/A'],"['CS 241', 'ECE 391']","['Distributed Systems, Networking, and Security', 'Machines']","Organization and structure of modern operating systems and concurrent programming concepts. Deadlock, virtual memory, processor scheduling, and disk systems. Performance, security, and protection."
CS 424: Real-Time Systems,3.48,3,88,2,['Lui Sha'],['CS 241'],"['Distributed Systems, Networking, and Security', 'Machines']","Supervisory control aspects of Cyber Physical Systems (CPS): fundamentals of reliability analysis, real-time scheduling, simple feedback control, software fault tolerance architecture, wireless networking and energy saving, principles of safety critical system engineering. Student groups design and demonstrate supervisory control architecture for a robot."
CS 425: Distributed Systems,3.28,3,867,6,['Indranil Gupta'],"['CS 241', 'ECE 391']","['Distributed Systems, Networking, and Security']","Protocols, specification techniques, global states and their determination, reliable broadcast, transactions and commitment, security, and real-time systems."
CS 426: Compiler Construction,3.39,3,56,2,['Vikram Adve'],['CS 421'],"['Software Foundations', 'Machines']","Compiler structure, syntax analysis, syntax-directed translation, automatically constructed recognizers, semantic analysis, code generation, intermediate language, optimization techniques."
CS 427: Software Engineering I,3.35,3,471,3,['Tao Xie'],"['CS 225', 'CS 373']",['Software Foundations'],"Software process, analysis and design. Software development paradigms, system engineering, function-based analysis and design, and object-oriented analysis and design. Course will use team-projects for hands-on exercises."
CS 428: Software Engineering II,3.67,3,69,2,['N/A'],['CS 427'],['Software Foundations'],"Continuation of CS 427. Software development, management, and maintenance. Project and configuration management, collaborative development models, software quality assurance, interoperability domain engineering and software reuse, and software re-engineering."
"CS 429: Software Engineering II, ACP",3.44,3,170,2,['N/A'],['CS 427'],['Software Foundations'],Continuation of CS 427. Identical to CS 428 except for the additional writing component. See CS 428.
CS 431: Embedded Systems,2.93,3,314,5,['N/A'],"['CS 241', 'ECE 391']","['Distributed Systems, Networking, and Security', 'Machines']",A survey of sampled data systems and embedded architecture; key concepts in common embedded system applications; signal processing and control; embedded microprocessor and device interface; time-critical I/O handling; data communications; real-time operating systems and techniques for the development and analysis of embedded real-time software; hands-on laboratory projects.
CS 433: Computer System Organization,3.31,3,126,5,['Sarita V Adve'],['CS 233'],['Machines'],Computer system analysis and design. Organizational dependence on computations to be performed; speed and cost of parts and overall machines; instruction set design; pipeline and vector machines; memory hierarchy design.
CS 436: Computer Networking Laboratory,N/A,3,N/A,N/A,['Matthew Caesar'],['N/A'],"['Distributed Systems, Networking, and Security']",Same as ECE 435. See ECE 435.
CS 438: Communication Networks,2.97,3,421,5,['Romit Roy Choudhury'],"['CS 241', 'ECE 391', 'ECE 313', 'MATH 461', 'MATH 463']","['Distributed Systems, Networking, and Security']","Layered architectures and the OSI Reference Model; design issues and protocols in the transport, network, and data link layers; architectures and control algorithms of local-area, point-to-point, and satellite networks; standards in networks access protocols; models of network interconnection; overview of networking and communication software."
CS 439: Wireless Networks,N/A,3,N/A,N/A,['Romit Roy Choudhury'],['N/A'],"['Distributed Systems, Networking, and Security']",Same as ECE 439. See ECE 439.
CS 440: Artificial Intelligence,3.16,3,868,6,['Svetlana Lazebnik'],"['CS 225', 'ECE 391']",['Intelligence and Big Data'],"Major topics in and directions of research in artificial intelligence: AI languages (LISP and PROLOG), basic problem solving techniques, knowledge representation and computer inference, machine learning, natural language understanding, computer vision, robotics, and societal impacts."
CS 445: Computational Photography,3.40,3,75,1,['N/A'],"['CS 225', 'MATH 225', 'MATH 231']","['Intelligence and Big Data', 'Media']","Computer vision techniques to enhance, manipulate, and create media from photo collections, such as panoramic stitching, face morphing, texture synthesis, blending, and 3D reconstruction."
CS 446: Machine Learning,3.35,3,431,3,['Sanmi Koyejo'],"['CS 373', 'CS 440']",['Intelligence and Big Data'],"Theory and basic techniques in machine learning. Major theoretical paradigms and key concepts developed in machine learning in the context of applications such as natural language and text processing, computer vision, data mining, adaptive computer systems and others. Review of several supervised and unsupervised learning approaches: methods for learning linear representations; on-line learning, Bayesian methods; decision-trees; features and kernels; clustering and dimensionality reduction."
CS 447: Natural Language Processing,3.47,3,106,2,['Julia Constanze Hockenmaier'],['CS 374'],['Intelligence and Big Data'],"Part-of-speech tagging, parsing, semantic analysis and machine translation. Relevant linguistics concepts from morphology (word formation) and lexical semantics (the meaning of words) to syntax (sentence structure) and compositional semantics (the meaning of sentences)."
CS 450: Numerical Analysis,3.15,3,648,5,['Edgar Solomonik'],"['CS 101', 'CS 125', 'CS 357', 'MATH 415', 'MATH 285']","['Scientific, Parallel, and High Performance Computing']","Linear system solvers, optimization techniques, interpolation and approximation of functions, solving systems of nonlinear equations, eigenvalue problems, least squares, and quadrature; numerical handling of ordinary and partial differential equations."
CS 457: Numerical Methods II,N/A,3,N/A,N/A,['N/A'],['CS 357'],"['Scientific, Parallel, and High Performance Computing']","Continuation of CS 357. Orthogonalization methods for least squares, Krylov subspace methods, non-linear equations and optimization in multiple dimensions, initial and boundary value problems for ordinary and partial differential equations. 3 undergraduate hours. No graduate credit. Credit is not given for both CS 457 and CS 450. Prerequisite: CS 357."
CS 460: Security Laboratory,3.62,3,196,2,['N/A'],['CS 461'],"['Human and Social Impact', 'Distributed Systems, Networking, and Security']","Operating systems security: access control, least privilege mechanism and malware techniques. Network security: firewalls, sniffing, tunnels, intrusion detection, AAA and worm structure. System security: forensics security architectures, and attack/defend exercises. Complements CS 461 via hands-on project."
CS 461: Computer Security I,3.08,4,765,5,['Ryan Matthew Cunningham'],"['CS 241', 'ECE 391']","['Human and Social Impact', 'Distributed Systems, Networking, and Security']","Fundamental principles of computer and communications security and information assurance: ethics, privacy, notions of threat, vulnerabilities, and risk in systems, information warfare, malicious software, data secrecy and integrity issues, network security, trusted computing, mandatory and discretionary access controls, certification and accreditation of systems against security standards. Security mechanisms: authentication, auditing, intrusion detection, access control, cryptography, security protocols, key distribution."
CS 463: Computer Security II,3.41,3,96,2,['N/A'],['CS 461'],"['Human and Social Impact', 'Distributed Systems, Networking, and Security']","Program security, trusted base, privacy, anonymity, non-interference, information flow, confinement, advanced auditing, forensics, intrusion detection, key management and distribution, policy composition and analysis, formal approaches to specification and verification of secure systems and protocols, and topics in applied cryptography."
CS 465: User Interface Design,3.11,3,857,5,['Brian P Bailey'],['CS 225'],"['Human and Social Impact', 'Media']","A project-focused course covering fundamental principles of user interface design, implementation, and evaluation. Small teams work on a term-long project that involves: analysis of the problem domain, user skills, and tasks; iterative prototyping of interfaces to address user needs; conducting several forms of evaluation such as cognitive walkthroughs and usability tests; implementation of the final prototype. Non-technical majors may enroll as non-programmers who participate in all aspects of the projects with the possible exception of implementation."
CS 466: Introduction to Bioinformatics,3.42,3,172,3,['N/A'],['CS 225'],"['Intelligence and Big Data', 'Scientific, Parallel, and High Performance Computing']","Algorithmic approaches in bioinformatics: (i) biological problems that can be solved computationally (e.g., discovering genes, and interactions among different genes and proteins); (ii) algorithmic techniques with wide applicability in solving these problems (e.g., dynamic programming and probabilistic methods); (iii) practical issues in translating the basic algorithmic ideas into accurate and efficient tools that biologists may use."
CS 467: Social Visualization,3.70,N/A,147,2,['N/A'],['CS 225'],"['Intelligence and Big Data', 'Human and Social Impact', 'Media']","Visualizing social interaction in networked spaces: investigation of patterns in networked communications systems such as messaging (email, instant messaging), social networking sites and collaborative sites; social network theory and visualizations; exploration of how to move beyond existing visualization techniques; visualizing the network identity over compilations of online data. 3 undergraduate hours. 3 or 4 graduate hours. Prerequisite: CS 225."
CS 468: Tech and Advertising Campaigns,N/A,3,N/A,N/A,['Mike Zheng Yu Yao'],['N/A'],['Human and Social Impact'],Same as ADV 492. See ADV 492.
CS 473: Fundamental Algorithms,2.73,4,255,2,['Sariel Har-Peled'],"['CS 374', 'CS 361', 'MATH 461', 'STAT 400']",['Algorithms and Models of Computation'],"Visualizing social interaction in networked spaces: investigation of patterns in networked communications systems such as messaging (email, instant messaging), social networking sites and collaborative sites; social network theory and visualizations; exploration of how to move beyond existing visualization techniques; visualizing the network identity over compilations of online data."
CS 475: Formal Models of Computation,N/A,3,N/A,N/A,['N/A'],['CS 373'],['Algorithms and Models of Computation'],Finite automata and regular languages; pushdown automata and context-free languages; Turing machines and recursively enumerable sets; linear-bounded automata and context-sensitive languages; computability and the halting problem; undecidable problems; recursive functions; Chomsky hierarchy; computational complexity. Same as MATH 475. 3 undergraduate hours. 3 or 4 graduate hours. Prerequisite: CS 373.
CS 476: Program Verification,N/A,N/A,N/A,N/A,['N/A'],"['CS 225', 'CS 374', 'MATH 414']","['Software Foundations', 'Algorithms and Models of Computation']",Formal methods for demonstrating correctness and other properties of programs. Invariant assertions; Hoare axiomatics; well-founded orderings for proving termination; structural induction; computational induction; data structures; parallel programs; overview of predicate calculus. 3 undergraduate hours. 3 or 4 graduate hours. Prerequisite: CS 225; CS 374 or MATH 414.
CS 477: Formal Software Devel Methods,N/A,3,N/A,N/A,['N/A'],"['CS 225', 'CS 373', 'MATH 414']","['Software Foundations', 'Algorithms and Models of Computation']","Mathematical models, languages, and methods for software specification, development, and verification. Same as ECE 478. 3 undergraduate hours. 3 or 4 graduate hours. Prerequisite: CS 225; CS 373 or MATH 414."
CS 481: Stochastic Processes & Applic,N/A,N/A,N/A,N/A,['Sheldon Howard Jacobson'],['N/A'],['Algorithms and Models of Computation'],Same as IE 410. See IE 410.
CS 482: Simulation,N/A,3,N/A,N/A,['N/A'],['N/A'],"['Algorithms and Models of Computation', 'Scientific, Parallel, and High Performance Computing']",Same as IE 413. See IE 413.
CS 483: Applied Parallel Programming,N/A,4,N/A,N/A,['Wen-Mei W Hwu'],['N/A'],"['Scientific, Parallel, and High Performance Computing', 'Distributed Systems, Networking, and Security']",Same as CSE 408 and ECE 408. See ECE 408.
CS 484: Parallel Programming,3.10,3,64,2,['Laxmikant V Kale'],['CS 241'],"['Scientific, Parallel, and High Performance Computing', 'Distributed Systems, Networking, and Security', 'Machines']","Techniques for the programming of all classes of parallel computers and devices including shared memory and distributed memory multiprocessors, SIMD processors and co-processors, and special purpose devices. Key concepts in parallel programming such as reactive and transformational programming, speculation, speedup, isoefficiency, and load balancing. Synchronization primitives, libraries and languages for parallel programming such as OpenMP and MPI, performance monitoring, program tuning, analysis and programming of numerical and symbolic parallel algorithms."
CS 491: Seminar,N/A,3,N/A,N/A,"['A Mattox Beckman, Jr', 'Neal E Davis', 'Masooda N Bashir', 'Roy H Campbell', 'Jingbo Shang']",['N/A'],['N/A'],"Seminar on topics of current interest as announced in the Class Schedule. 0 to 4 undergraduate hours. 0 to 4 graduate hours. Approved for S/U grading only. May be repeated in the same or separate terms if topics vary to a maximum of 4 hours. Prerequisite: As specified for each topic offering, see Class Schedule or departmental course description."
CS 492: Senior Project I,3.48,3,281,3,['N/A'],['N/A'],['Software Foundations'],"First part of a project course in computer science. Students work in teams to solve typical commercial or industrial problems. Work involves planning, design, and implementation. Extensive oral and written work is required both on-campus and possibly off-campus at sponsors' locations. CS 492 must be taken as a sequence with either CS 493 or CS 494."
"CS 493: Senior Project II, ACP",3.59,N/A,177,2,['Michael Joseph Woodley'],['CS 492'],['Software Foundations'],Continuation of CS 492. Identical to CS 494 except for an additional writing component. See CS 494.
CS 494: Senior Project II,3.61,N/A,50,2,['Michael Joseph Woodley'],['CS 492'],['Software Foundations'],Continuation of CS 492.
CS 497: CS Team Project,N/A,3,N/A,N/A,['N/A'],['N/A'],['N/A'],"Student teams work with CS faculty to complete a significant project requiring advanced knowledge of CS principles. Project topics vary. 1 to 3 undergraduate hours. No graduate credit. May be repeated in the same term up to 6 hours, if topics vary; may be repeated in separate terms. Prerequisite: For majors only; junior or senior standing required."
CS 498: Algorithms and Models of Comp,2.73,1,1140,4,"['Svetlana Lazebnik', 'David Alexander Forsyth', 'Hari Sundaram', 'Ranjitha Kumar', 'Maria Jesus Garzaran', 'Alex Kirlik', 'Mahesh Viswanathan', 'Robin Hillary Kravets']",['N/A'],"['Software Foundations', 'Intelligence and Big Data', 'Human and Social Impact', 'Media', 'Scientific, Parallel, and High Performance Computing', 'Machines']",Subject offerings of new and developing areas of knowledge in computer science intended to augment the existing curriculum. See Class Schedule or departmental course information for topics and prerequisites.
CS 498: Applied Machine Learning,3.72,1,163,1,"['Svetlana Lazebnik', 'David Alexander Forsyth', 'Hari Sundaram', 'Ranjitha Kumar', 'Maria Jesus Garzaran', 'Alex Kirlik', 'Mahesh Viswanathan', 'Robin Hillary Kravets']",['N/A'],"['Software Foundations', 'Intelligence and Big Data', 'Human and Social Impact', 'Media', 'Scientific, Parallel, and High Performance Computing', 'Machines']",Subject offerings of new and developing areas of knowledge in computer science intended to augment the existing curriculum. See Class Schedule or departmental course information for topics and prerequisites.
CS 498: Art and Science of Web Prog,3.21,1,178,2,"['Svetlana Lazebnik', 'David Alexander Forsyth', 'Hari Sundaram', 'Ranjitha Kumar', 'Maria Jesus Garzaran', 'Alex Kirlik', 'Mahesh Viswanathan', 'Robin Hillary Kravets']",['N/A'],"['Software Foundations', 'Intelligence and Big Data', 'Human and Social Impact', 'Media', 'Scientific, Parallel, and High Performance Computing', 'Machines']",Subject offerings of new and developing areas of knowledge in computer science intended to augment the existing curriculum. See Class Schedule or departmental course information for topics and prerequisites.
CS 498: Computational Photography,3.62,1,28,1,"['Svetlana Lazebnik', 'David Alexander Forsyth', 'Hari Sundaram', 'Ranjitha Kumar', 'Maria Jesus Garzaran', 'Alex Kirlik', 'Mahesh Viswanathan', 'Robin Hillary Kravets']",['N/A'],"['Software Foundations', 'Intelligence and Big Data', 'Human and Social Impact', 'Media', 'Scientific, Parallel, and High Performance Computing', 'Machines']",Subject offerings of new and developing areas of knowledge in computer science intended to augment the existing curriculum. See Class Schedule or departmental course information for topics and prerequisites.
CS 498: Digital Forensics,3.55,1,93,3,"['Svetlana Lazebnik', 'David Alexander Forsyth', 'Hari Sundaram', 'Ranjitha Kumar', 'Maria Jesus Garzaran', 'Alex Kirlik', 'Mahesh Viswanathan', 'Robin Hillary Kravets']",['N/A'],"['Software Foundations', 'Intelligence and Big Data', 'Human and Social Impact', 'Media', 'Scientific, Parallel, and High Performance Computing', 'Machines']",Subject offerings of new and developing areas of knowledge in computer science intended to augment the existing curriculum. See Class Schedule or departmental course information for topics and prerequisites.
CS 498: Intro to Data Science,3.82,1,38,1,"['Svetlana Lazebnik', 'David Alexander Forsyth', 'Hari Sundaram', 'Ranjitha Kumar', 'Maria Jesus Garzaran', 'Alex Kirlik', 'Mahesh Viswanathan', 'Robin Hillary Kravets']",['N/A'],"['Software Foundations', 'Intelligence and Big Data', 'Human and Social Impact', 'Media', 'Scientific, Parallel, and High Performance Computing', 'Machines']",Subject offerings of new and developing areas of knowledge in computer science intended to augment the existing curriculum. See Class Schedule or departmental course information for topics and prerequisites.
CS 498: Mobile Interaction Design,3.62,1,44,1,"['Svetlana Lazebnik', 'David Alexander Forsyth', 'Hari Sundaram', 'Ranjitha Kumar', 'Maria Jesus Garzaran', 'Alex Kirlik', 'Mahesh Viswanathan', 'Robin Hillary Kravets']",['N/A'],"['Software Foundations', 'Intelligence and Big Data', 'Human and Social Impact', 'Media', 'Scientific, Parallel, and High Performance Computing', 'Machines']",Subject offerings of new and developing areas of knowledge in computer science intended to augment the existing curriculum. See Class Schedule or departmental course information for topics and prerequisites.
CS 498: Probability in CS,3.24,1,206,3,"['Svetlana Lazebnik', 'David Alexander Forsyth', 'Hari Sundaram', 'Ranjitha Kumar', 'Maria Jesus Garzaran', 'Alex Kirlik', 'Mahesh Viswanathan', 'Robin Hillary Kravets']",['N/A'],"['Software Foundations', 'Intelligence and Big Data', 'Human and Social Impact', 'Media', 'Scientific, Parallel, and High Performance Computing', 'Machines']",Subject offerings of new and developing areas of knowledge in computer science intended to augment the existing curriculum. See Class Schedule or departmental course information for topics and prerequisites.
CS 498: Probability in Computer Sci,3.19,1,76,1,"['Svetlana Lazebnik', 'David Alexander Forsyth', 'Hari Sundaram', 'Ranjitha Kumar', 'Maria Jesus Garzaran', 'Alex Kirlik', 'Mahesh Viswanathan', 'Robin Hillary Kravets']",['N/A'],"['Software Foundations', 'Intelligence and Big Data', 'Human and Social Impact', 'Media', 'Scientific, Parallel, and High Performance Computing', 'Machines']",Subject offerings of new and developing areas of knowledge in computer science intended to augment the existing curriculum. See Class Schedule or departmental course information for topics and prerequisites.
CS 498: Social & Information Networks,3.47,1,60,1,"['Svetlana Lazebnik', 'David Alexander Forsyth', 'Hari Sundaram', 'Ranjitha Kumar', 'Maria Jesus Garzaran', 'Alex Kirlik', 'Mahesh Viswanathan', 'Robin Hillary Kravets']",['N/A'],"['Software Foundations', 'Intelligence and Big Data', 'Human and Social Impact', 'Media', 'Scientific, Parallel, and High Performance Computing', 'Machines']",Subject offerings of new and developing areas of knowledge in computer science intended to augment the existing curriculum. See Class Schedule or departmental course information for topics and prerequisites.
CS 498: Software Testing,3.47,1,53,2,"['Svetlana Lazebnik', 'David Alexander Forsyth', 'Hari Sundaram', 'Ranjitha Kumar', 'Maria Jesus Garzaran', 'Alex Kirlik', 'Mahesh Viswanathan', 'Robin Hillary Kravets']",['N/A'],"['Software Foundations', 'Intelligence and Big Data', 'Human and Social Impact', 'Media', 'Scientific, Parallel, and High Performance Computing', 'Machines']",Subject offerings of new and developing areas of knowledge in computer science intended to augment the existing curriculum. See Class Schedule or departmental course information for topics and prerequisites.
CS 498: The Art of Web Programming,3.20,1,95,1,"['Svetlana Lazebnik', 'David Alexander Forsyth', 'Hari Sundaram', 'Ranjitha Kumar', 'Maria Jesus Garzaran', 'Alex Kirlik', 'Mahesh Viswanathan', 'Robin Hillary Kravets']",['N/A'],"['Software Foundations', 'Intelligence and Big Data', 'Human and Social Impact', 'Media', 'Scientific, Parallel, and High Performance Computing', 'Machines']",Subject offerings of new and developing areas of knowledge in computer science intended to augment the existing curriculum. See Class Schedule or departmental course information for topics and prerequisites.
CS 498: Theory II,3.15,1,221,4,"['Svetlana Lazebnik', 'David Alexander Forsyth', 'Hari Sundaram', 'Ranjitha Kumar', 'Maria Jesus Garzaran', 'Alex Kirlik', 'Mahesh Viswanathan', 'Robin Hillary Kravets']",['N/A'],"['Software Foundations', 'Intelligence and Big Data', 'Human and Social Impact', 'Media', 'Scientific, Parallel, and High Performance Computing', 'Machines']",Subject offerings of new and developing areas of knowledge in computer science intended to augment the existing curriculum. See Class Schedule or departmental course information for topics and prerequisites.
CS 498: Virtual Reality,3.67,1,461,4,"['Svetlana Lazebnik', 'David Alexander Forsyth', 'Hari Sundaram', 'Ranjitha Kumar', 'Maria Jesus Garzaran', 'Alex Kirlik', 'Mahesh Viswanathan', 'Robin Hillary Kravets']",['N/A'],"['Software Foundations', 'Intelligence and Big Data', 'Human and Social Impact', 'Media', 'Scientific, Parallel, and High Performance Computing', 'Machines']",Subject offerings of new and developing areas of knowledge in computer science intended to augment the existing curriculum. See Class Schedule or departmental course information for topics and prerequisites.
CS 499: Senior Thesis,N/A,3,N/A,N/A,"['Tarek Abdelzaher', 'Eric Gene Shaffer', 'Shobha Vasudevan', 'Maria Jesus Garzaran', 'Daniel Dig', 'Alex Kirlik', 'Edgar Solomonik', 'Michael Bernard Twidale', 'A Mattox Beckman, Jr', 'Alexandra Kolla', 'Ranjitha Kumar', 'William D Gropp', 'Manoj M Prabhakaran', 'Madhusudan Parthasarathy', 'David A Padua', 'Vikram Adve', 'Michael Joseph Woodley', 'Hari Sundaram', 'William H Sanders', 'Eyal Amir', 'Steven M. LaValle', 'Tandy Warnow', 'Nitin H Vaidya', 'Timothy Bretl', 'Corina R Girju', 'Derek W Hoiem', 'David E Goldberg', 'Alexander Schwing', 'Mark Sammons', 'Andreas Paul Eberhard Kloeckner', 'Darko Marinov', 'Ruta Mehta', 'Thomas J Anastasio', 'Elsa Gunter', 'Robert J Brunner', 'Lui Sha', 'Indranil Gupta', 'Ravishankar K Iyer', 'Craig Zilles', 'Grigore Rosu', 'Gul A Agha', 'Jian Peng', 'Brian P Bailey', 'Ryan Matthew Cunningham', 'Luke Olson', 'Aditya G Parameswaran', 'Zbigniew T Kalbarczyk', 'Matthew Caesar', 'Marco Caccamo', 'Susan Hinrichs', 'Ganna Yershova', 'Michael Bailey', 'Seth Hutchinson', 'Bruce R Schatz', 'Jennifer S Cole', 'Jian Ma', 'David Alexander Forsyth', 'Robin Hillary Kravets', 'Benjamin W Wah', 'Josep Torrellas', 'Marsha Cook Woodbury', 'Philip B Godfrey', 'Matthew I Frank', 'Jose Meseguer', 'Marianne S Winslett', 'Geoffrey Lindsay Herman', 'Lawrence Christopher Angrave', 'Constantine Polychronopoulos', 'Narendra Ahuja', 'Wen-Mei W Hwu', 'Donna Brown', 'Gerald F DeJong, II', 'Roy H Campbell', 'Margaret M Fleck', 'Cinda Heeren', 'Nikita Borisov', 'Svetlana Lazebnik', 'Neal E Davis', 'Karthekeyan Chandrasekaran', 'Sanmi Koyejo', 'Thomas S Huang', 'Jiawei Han', 'Nikolaos V Sahinidis', 'Adam Macneil Bates', 'Klara Nahrstedt', 'Paul Fischer', 'Sarita V Adve', 'Kevin Chen-Chuan Chang', 'Christopher Wardlaw Fletcher', 'Anil Nirmal Hirani', 'Carl Gunter', 'ChengXiang Zhai', 'Mani Golparvar Fard', 'Sariel Har-Peled', 'Tao Xie', 'Negar Kiyavash', 'Ralph E Johnson', 'Saurabh Sinha', 'Wai-Tat Fu', 'Laxmikant V Kale', 'Marc Snir', 'Sheng Zhong', 'Romit Roy Choudhury', 'Michael T Heath', 'Julia Constanze Hockenmaier', 'Sharad Mehrotra', 'Matus Jan Telgarsky', 'David M. Nicol', 'Michael C Loui', 'Jeff G Erickson', 'Karrie Karahalios', 'Andrew Miller', 'Mahesh Viswanathan', 'Paris Smaragdis', 'Dan Roth', 'John C Hart', 'Chandra Sekhar Chekuri', 'Arthur F Kramer', 'Wade A Fagen-Ulmschneider', 'Sheldon Howard Jacobson', 'Leonard B Pitt', 'Sasa Misailovic', 'Samuel N Kamin']",['N/A'],['N/A'],"Research and thesis development experience in computer science underguidance of a faculty member. Literature search, oral presentation, analysis and implementation, paper preparation, and completion of a written thesis. 3 undergraduate hours. No graduate credit. May be repeated to a maximum of 6 hours. Prerequisite: Consent of instructor.This course satisfies the General Education Criteria for:Advanced Composition"
CS 508: Manycore Parallel Algorithms,N/A,N/A,N/A,N/A,['N/A'],['N/A'],['N/A'],Same as ECE 508. See ECE 508.
CS 510: Advanced Information Retrieval,N/A,N/A,N/A,N/A,['ChengXiang Zhai'],"['CS 410', 'CS 412', 'CS 446', 'LING 406']",['Intelligence and Big Data'],"Advanced concepts, models, and algorithms in information retrieval and major recent developments in the field, including historical milestones in information retrieval research, evaluation methodology, vector space retrieval model, probabilistic retrieval models, learning to rank algorithms, probabilistic topic models, information retrieval systems, text analytics, and topics of research frontiers in information retrieval. 4 graduate hours. No professional credit. Prerequisite: One of CS 410, CS 412, CS 446 or LING 406."
CS 511: Advanced Data Management,3.63,4,40,1,['N/A'],['CS 411'],['Intelligence and Big Data'],"Advanced concepts in data management and information system design and implementation, and recent developments in the field. 1) Relational roots, objects and extensibility, query languages, data indexing, query processing, transaction processing, benchmarks, and 2) semi-structured data and unstructured data, information extraction, information integration, web search and mining, and other emerging directions in the field."
CS 512: Data Mining Principles,3.82,4,128,2,['N/A'],['CS 412'],['Intelligence and Big Data'],"An advanced course on principles and algorithms of data mining. Data cleaning and integration; descriptive and predictive mining; mining frequent, sequential, and structured patterns; clustering, outlier analysis and fraud detection; stream data, web, text, and biomedical data mining; security and privacy in data mining; research frontiers."
CS 513: Theory & Practice of Data Cleaning,N/A,N/A,N/A,N/A,['N/A'],['N/A'],['N/A'],Same as IS 532. See IS 532.
CS 519: Scientific Visualization,3.68,N/A,88,3,['N/A'],['CS 418'],"['Media', 'Scientific, Parallel, and High Performance Computing']","Visualization techniques useful in analysis of engineering and scientific data. Physical models; methods of computational science; two- and three-dimensional data types; visual representation schemes for scalar, vector, and tensor data; isosurface and volume visualization methods; visual monitoring; interactive steering."
CS 522: Programming Language Semantics,N/A,N/A,N/A,N/A,['Grigore Rosu'],"['CS 422', 'CS 426']",['Software Foundations'],"Theory of programming languages including functional programming, meta-circular interpreters, typed, untyped and polymorphic lambda-calculi, and denotational semantics. Prerequisite: CS 422 and CS 426."
CS 523: Advanced Operating Systems,N/A,N/A,N/A,N/A,['N/A'],"['CS 423', 'CS 425', 'CS 433']","['Distributed Systems, Networking, and Security', 'Machines']","Advanced concepts in operating system design and coverage of recent research directions. Resource management for parallel and distributed systems. Interaction between operating system design and computer architectures. Process management, virtual memory, interprocess communication, context switching, parallel and distributed file system designs, persistent objects, process and data migration, load balancing, security, protection. Term projects. Prerequisite: CS 423, CS 425, and CS 433."
CS 524: Concurrent Progrmg Languages,N/A,N/A,N/A,N/A,['Gul A Agha'],"['CS 422', 'CS 475', 'CS 476']","['Software Foundations', 'Distributed Systems, Networking, and Security']","Theory of concurrency and concurrent programming languages. Formal models of concurrent computation such as process algebras, nets, and actors; high level concurrent programming languages and their operational semantics; methods for reasoning about correctness and complexity of concurrent programs. Prerequisite: CS 422; CS 475 or CS 476."
CS 525: Advanced Distributed Systems,3.69,4,136,2,['N/A'],"['CS 423', 'CS 425', 'CS 438']","['Distributed Systems, Networking, and Security']","Peer-to-peer systems, sensor networks, and fundamental theoretical distributed computing. Review of classical work in each area, and application of design methodologies to explore overlaps across them. Emphasis on protocol design, systems issues, and theory. Reading selections are roughly two-third classical to one-third contemporary. Students write critiques, make presentations, and create a conference paper in a systematic manner."
CS 526: Advanced Compiler Construction,N/A,N/A,N/A,N/A,['N/A'],['CS 426'],"['Software Foundations', 'Machines']","Incremental and interactive compiling, error correction, code optimization, models of code generators. Prerequisite: CS 426."
CS 527: Topics in Software Engineering,3.61,N/A,85,3,['N/A'],"['CS 428', 'CS 429']",['Software Foundations'],"Fault-tolerant software, software architecture, software patterns, multi-media software, and knowledge-based approaches to software engineering. Case studies."
CS 528: Obj-Oriented Progrmg & Design,3.51,N/A,46,1,['N/A'],['CS 427'],['Software Foundations'],"Principles of object-oriented design; design patterns; use and design of frameworks; reflection, refractoring, use of unit tests as specifications."
CS 533: Parallel Computer Architecture,3.54,4,51,2,['N/A'],['CS 433'],['Machines'],Theoretical aspects of parallel and pipeline computation; time and processor bounds on classes of computations; data alignment network speed and cost bounds; conflict-free access memories; overall computer system ideas.
CS 536: Fault-Tolerant Dig Syst Design,N/A,N/A,N/A,N/A,['Ravishankar K Iyer'],['N/A'],['Machines'],Same as ECE 542. See ECE 542.
CS 538: Advanced Computer Networks,3.84,4,21,1,['N/A'],['CS 438'],"['Distributed Systems, Networking, and Security']","Advanced concepts in computer networks, including congestion control, quality of service, naming, routing, wireless networks, Internet architecture, measurement, network security, and selected recent research directions."
CS 539: Distributed Algorithms,N/A,N/A,N/A,N/A,['N/A'],['N/A'],['N/A'],Same as ECE 526. See ECE 526.
CS 541: Computer Systems Analysis,N/A,N/A,N/A,N/A,['David M. Nicol'],['N/A'],['Machines'],Same as ECE 541. See ECE 541.
CS 543: Computer Vision,N/A,4,N/A,N/A,['N/A'],['N/A'],['Intelligence and Big Data'],Same as ECE 549. See ECE 549.
CS 544: Optimiz in Computer Vision,N/A,N/A,N/A,N/A,['N/A'],"['CS 450', 'CS 473']",['Intelligence and Big Data'],"Applications of continuous and discrete optimization to problems in computer vision and machine learning, with particular emphasis on large-scale algorithms and effective approximations: gradient-based learning; Newton's method and variants, applied to structure from motion problems; the augmented Lagrangian method and variants; interior-point methods; SMO and other specialized algorithms for support vector machines; flows and cuts as examples of primal-dual methods; dynamics programming, hidden Markov models, and parsing: 0-1 quadratic forms, max-cut, and Markov random-fields solutions. Prerequisite: CS 450 and CS 473."
CS 545: Systems Modeling & Simulation,N/A,N/A,N/A,N/A,['N/A'],['N/A'],['N/A'],Same as BADM 575. See BADM 575.
CS 546: Machine Learning in NLP,3.64,4,39,1,['N/A'],"['CS 446', 'CS 473']",['Intelligence and Big Data'],"Central learning frameworks and techniques that have emerged in the field of natural language processing and found applications in several areas in text and speech processing: from information retrieval and extraction, through speech recognition to syntax, semantics and language understanding related tasks. Examination of the theoretical paradigms -- learning theoretic, probabilistic, and information theoretic -- and the relations among them, as well as the main algorithmic techniques developed within each paradigm and in key natural language applications. Prerequisite: CS 446 and CS 473."
CS 548: Models of Cognitive Processes,3.83,N/A,26,1,['Wai-Tat Fu'],"['CS 440', 'CS 446']",['Intelligence and Big Data'],"Formal models and concepts in automated cognition; integrating machine learning and prior knowledge; current approaches and detailed analyses of the role of reasoning in the learning process; computational complexity and fundamental tradeoffs between expressiveness and tractability; implications for state-of-the-art artificial intelligence areas such as automated planning, the semantic web, relational learning, structured prediction, latent models, structure learning, theory formation, etc.; philosophical and psychological aspects of integrating analytic and empirical evidence."
CS 549: Seminar in Cognitive Science,N/A,N/A,N/A,N/A,['John E Hummel'],['N/A'],['N/A'],"Same as PSYC 514, ANTH 514, EPSY 551, LING 570, and PHIL 514. See PSYC 514."
CS 554: Parallel Numerical Algorithms,3.50,N/A,26,1,['N/A'],"['CS 450', 'CS 457', 'CS 555']","['Scientific, Parallel, and High Performance Computing']","Numerical algorithms for parallel computers: parallel algorithms in numerical linear algebra (dense and sparse solvers for linear systems and the algebraic eigenvalue problem), numerical handling of ordinary and partial differential equations, and numerical optimization techniques."
CS 555: Numerical Methods for PDEs,3.76,4,55,2,['N/A'],"['CS 450', 'CS 457']","['Scientific, Parallel, and High Performance Computing']","Numerical techniques for initial and boundary value problems in partial differential equations. Finite difference and finite element discretization techniques, direct and iterative solution methods for discrete problems, and programming techniques and usage of software packages."
CS 556: Iterative & Multigrid Methods,3.56,N/A,27,1,['Luke Olson'],['N/A'],"['Scientific, Parallel, and High Performance Computing']","Comprehensive treatment of algebraic and multigrid iterative methods to solve systems of equations, primarily linear equations arising from discretization of partial differential equations."
CS 558: Topics in Numerical Analysis,N/A,N/A,N/A,N/A,['N/A'],['N/A'],"['Scientific, Parallel, and High Performance Computing']","Advanced topics in numerical analysis selected from areas of current research. Same as CSE 513. May be repeated. Prerequisite: As specified for each topic offering, see Schedule or departmental course description."
CS 563: Advanced Computer Security,3.88,N/A,26,1,['Adam Macneil Bates'],"['CS 461', 'CS 463']","['Human and Social Impact', 'Distributed Systems, Networking, and Security']","Current research trends in computer and network security. Privacy, tamper-resistance, unwanted traffic, monitoring and surveillance, and critical infrastructure protection. Subtopics will vary depending upon current research trends. Students work in teams in close coordination with the course instructor to develop one of the topics in depth by carrying out background research and an exploratory project."
CS 565: Human-Computer Interaction,3.75,4,25,1,['N/A'],['CS 465'],"['Human and Social Impact', 'Media']","In-depth coverage of advanced topics in human-computer interaction (HCI). Applied models of human performance and attention, design tools for creative design tasks, interruptions and peripheral displays, gestures, and bimanual input, and usability evaluation techniques. Students complete a research-oriented term project of their choosing."
CS 571: Combinatorial Mathematics,N/A,N/A,N/A,N/A,['N/A'],['N/A'],['Algorithms and Models of Computation'],Same as MATH 580. See MATH 580.
CS 572: Extremal Graph Theory,N/A,4,N/A,N/A,['N/A'],['N/A'],['Algorithms and Models of Computation'],Same as MATH 581. See MATH 581.
CS 573: Algorithms,N/A,N/A,N/A,N/A,['N/A'],['N/A'],['Algorithms and Models of Computation'],"NP-completeness, design and analysis techniques, approximation algorithms, randomized algorithms, combinatorial optimization, linear programming. Intended for graduate students in Computer Science. Same as CSE 515. 4 graduate hours. No professional credit."
CS 574: Randomized Algorithms,N/A,4,N/A,N/A,['N/A'],"['CS 473', 'MATH 461', 'STAT 400']",['Algorithms and Models of Computation'],"Basic and advanced concepts in the design and analysis of randomized algorithms. Sampling; concentration inequalities such as Chernoff-Hoeffding bounds; probabilistic method; random walks, dimension reduction; entropy; martingales and Azuma's inequality; derandomization. Randomized algorithms for sorting and searching; graphs; geometric problems. Basics of pseudorandomness and randomized complexity classes. Prerequisite: CS 473; MATH 461 or STAT 400."
CS 575: Methods of Combinatorics,N/A,4,N/A,N/A,['N/A'],['N/A'],['Algorithms and Models of Computation'],Same as MATH 584. See MATH 584.
CS 576: Topics in Automated Deduction,N/A,N/A,N/A,N/A,['N/A'],['N/A'],"['Software Foundations', 'Algorithms and Models of Computation', 'Intelligence and Big Data']","Advanced topics in computer-aided methods for formal deduction, selected from areas of current research, such as: resolution theorem proving strategies, special relations, equational reasoning, unification theory, rewrite systems, mathematical induction, program derivation, hybrid inference systems, and programming with logic. May be repeated in separate terms. Prerequisite: As specified for each topic offering, see Schedule or departmental course description."
CS 579: Computational Complexity,N/A,4,N/A,N/A,['N/A'],"['CS 473', 'CS 475']",['Algorithms and Models of Computation'],"Turing machines; determinism and non-determinism; time and space hierarchy theorems; speed-up and tape compression; Blum axioms; structure of complexity classes NP, P, NL, L, and PSPACE; complete problems; randomness and complexity classes RP, RL, and BPP; alternation, polynomial-time hierarchy; circuit complexity, parallel complexity, NC, and RNC; relativized computational complexity; time-space trade-offs. Same as ECE 579. Prerequisite: CS 473 or CS 475."
CS 581: Algorithmic Genomic Biology,N/A,4,N/A,N/A,['N/A'],['N/A'],['N/A'],Same as BIOE 540. See BIOE 540.
CS 583: Approximation Algorithms,N/A,4,N/A,N/A,['N/A'],['CS 573'],['Algorithms and Models of Computation'],"Approximation algorithms for NP-hard problems. Basic and advanced techniques in approximation algorithm design: combinatorial algorithms; mathematical programming methods including linear and semi-definite programming, local search methods, and others. Algorithms for graphs and networks, constraint satisfaction, packing and scheduling. Prerequisite: CS 573 or consent of instructor."
CS 584: Embedded System Verification,N/A,N/A,N/A,N/A,['Sayan Mitra'],['N/A'],"['Algorithms and Models of Computation', 'Machines']",Same as ECE 584. See ECE 584.
CS 585: Hardware Verification,N/A,N/A,N/A,N/A,['N/A'],['N/A'],['N/A'],Same as ECE 519. See ECE 519.
CS 591: Advanced Seminar,N/A,3,N/A,N/A,"['Darko Marinov', 'ChengXiang Zhai', 'Elsa Gunter', 'Tao Xie', 'Brian P Bailey', 'Alex Kirlik', 'Mahesh Viswanathan', 'Indranil Gupta', 'Roy H Campbell', 'Luke Olson', 'Vikram Adve', 'David A Padua', 'Sasa Misailovic']",['N/A'],['N/A'],"Seminar on topics of current interest as announced in the Class Schedule. Approved for S/U grading only. May be repeated in the same or separate terms if topics vary. Prerequisite: As specified for each topic offering, see Class Schedule or departmental course description."
CS 597: Individual Study,N/A,3,N/A,N/A,"['Tarek Abdelzaher', 'Maria Jesus Garzaran', 'Daniel Dig', 'Alex Kirlik', 'Ali E Abbas', 'Edgar Solomonik', 'Michael Bernard Twidale', 'Jugal Garg', 'Alexandra Kolla', 'Ranjitha Kumar', 'William D Gropp', 'Manoj M Prabhakaran', 'Madhusudan Parthasarathy', 'David A Padua', 'Vikram Adve', 'Deming Chen', 'Rakesh Kumar', 'Hari Sundaram', 'Sibin Mohan', 'William H Sanders', 'Eyal Amir', 'Martin D F Wong', 'Steven M. LaValle', 'Tandy Warnow', 'Nitin H Vaidya', 'Timothy Bretl', 'Corina R Girju', 'Derek W Hoiem', 'David E Goldberg', 'Alexander Schwing', 'Mark Sammons', 'Andreas Paul Eberhard Kloeckner', 'Darko Marinov', 'Ruta Mehta', 'Thomas J Anastasio', 'Elsa Gunter', 'Robert J Brunner', 'Lui Sha', 'Rob A. Rutenbar', 'Indranil Gupta', 'Ravishankar K Iyer', 'Craig Zilles', 'Grigore Rosu', 'Rakesh Bobba', 'Gul A Agha', 'Jian Peng', 'Brian P Bailey', 'Luke Olson', 'Aditya G Parameswaran', 'Mark Hasegawa-Johnson', 'Matthew Caesar', 'Marco Caccamo', 'Seth Hutchinson', 'Michael Bailey', 'Bruce R Schatz', 'Samuel Talmadge King', 'Jennifer S Cole', 'Jian Ma', 'David Alexander Forsyth', 'Robin Hillary Kravets', 'Benjamin W Wah', 'Josep Torrellas', 'Philip B Godfrey', 'Matthew I Frank', 'Sayan Mitra', 'Jose Meseguer', 'Marianne S Winslett', 'Geoffrey Werner Challen', 'Geoffrey Lindsay Herman', 'Constantine Polychronopoulos', 'Narendra Ahuja', 'Wen-Mei W Hwu', 'Donna Brown', 'Gerald F DeJong, II', 'Roy H Campbell', 'Margaret M Fleck', 'Nikita Borisov', 'Yizhou Yu', 'Svetlana Lazebnik', 'Victoria Stodden', 'Sanmi Koyejo', 'Thomas S Huang', 'Weng Cho Chew', 'Jiawei Han', 'Nikolaos V Sahinidis', 'Adam Macneil Bates', 'Klara Nahrstedt', 'Paul Fischer', 'Sarita V Adve', 'Kevin Chen-Chuan Chang', 'Christopher Wardlaw Fletcher', 'Anil Nirmal Hirani', 'Carl Gunter', 'ChengXiang Zhai', 'Mani Golparvar Fard', 'Sariel Har-Peled', 'Tao Xie', 'Negar Kiyavash', 'P R Kumar', 'Ralph E Johnson', 'Saurabh Sinha', 'Wai-Tat Fu', 'Lav R Varshney', 'Laxmikant V Kale', 'Marc Snir', 'Sheng Zhong', 'Steven Lumetta', 'Romit Roy Choudhury', 'Michael T Heath', 'Julia Constanze Hockenmaier', 'Matus Jan Telgarsky', 'David M. Nicol', 'Jeff G Erickson', 'Karrie Karahalios', 'Andrew Miller', 'Mahesh Viswanathan', 'Paris Smaragdis', 'Dan Roth', 'John C Hart', 'Yi Ma', 'Chandra Sekhar Chekuri', 'Sheldon Howard Jacobson', 'Leonard B Pitt', 'Sasa Misailovic', 'Samuel N Kamin']",['N/A'],['N/A'],Individual study or reading in a subject not covered in normal course offerings. May be repeated. Prerequisite: Consent of instructor.
CS 598: Advanced Data Structures,3.76,3,29,1,"['Darko Marinov', 'Andreas Paul Eberhard Kloeckner', 'Ruta Mehta', 'Trevor H Park', 'Ranjitha Kumar', 'Jian Peng', 'Karrie Karahalios', 'Paris Smaragdis', 'Bo Li', 'Timothy Moon-Yew Chan', 'David A Padua', 'Matus Jan Telgarsky', 'Josep Torrellas', 'Klara Nahrstedt', 'Nan Jiang']",['N/A'],"['Software Foundations', 'Intelligence and Big Data', 'Human and Social Impact', 'Media', 'Machines']",Subject offerings of new and developing areas of knowledge in computer science intended to augment the existing curriculum. See Class Schedule or departmental course information for topics and prerequisites.
CS 598: Advanced Information Retrieval,3.83,3,74,2,"['Darko Marinov', 'Andreas Paul Eberhard Kloeckner', 'Ruta Mehta', 'Trevor H Park', 'Ranjitha Kumar', 'Jian Peng', 'Karrie Karahalios', 'Paris Smaragdis', 'Bo Li', 'Timothy Moon-Yew Chan', 'David A Padua', 'Matus Jan Telgarsky', 'Josep Torrellas', 'Klara Nahrstedt', 'Nan Jiang']",['N/A'],"['Software Foundations', 'Intelligence and Big Data', 'Human and Social Impact', 'Media', 'Machines']",Subject offerings of new and developing areas of knowledge in computer science intended to augment the existing curriculum. See Class Schedule or departmental course information for topics and prerequisites.
CS 598: Data-Driven Design,3.69,3,43,2,"['Darko Marinov', 'Andreas Paul Eberhard Kloeckner', 'Ruta Mehta', 'Trevor H Park', 'Ranjitha Kumar', 'Jian Peng', 'Karrie Karahalios', 'Paris Smaragdis', 'Bo Li', 'Timothy Moon-Yew Chan', 'David A Padua', 'Matus Jan Telgarsky', 'Josep Torrellas', 'Klara Nahrstedt', 'Nan Jiang']",['N/A'],"['Software Foundations', 'Intelligence and Big Data', 'Human and Social Impact', 'Media', 'Machines']",Subject offerings of new and developing areas of knowledge in computer science intended to augment the existing curriculum. See Class Schedule or departmental course information for topics and prerequisites.
CS 598: Graphical Models,3.86,3,24,1,"['Darko Marinov', 'Andreas Paul Eberhard Kloeckner', 'Ruta Mehta', 'Trevor H Park', 'Ranjitha Kumar', 'Jian Peng', 'Karrie Karahalios', 'Paris Smaragdis', 'Bo Li', 'Timothy Moon-Yew Chan', 'David A Padua', 'Matus Jan Telgarsky', 'Josep Torrellas', 'Klara Nahrstedt', 'Nan Jiang']",['N/A'],"['Software Foundations', 'Intelligence and Big Data', 'Human and Social Impact', 'Media', 'Machines']",Subject offerings of new and developing areas of knowledge in computer science intended to augment the existing curriculum. See Class Schedule or departmental course information for topics and prerequisites.
CS 598: Improving Your Research Skills,3.88,3,28,1,"['Darko Marinov', 'Andreas Paul Eberhard Kloeckner', 'Ruta Mehta', 'Trevor H Park', 'Ranjitha Kumar', 'Jian Peng', 'Karrie Karahalios', 'Paris Smaragdis', 'Bo Li', 'Timothy Moon-Yew Chan', 'David A Padua', 'Matus Jan Telgarsky', 'Josep Torrellas', 'Klara Nahrstedt', 'Nan Jiang']",['N/A'],"['Software Foundations', 'Intelligence and Big Data', 'Human and Social Impact', 'Media', 'Machines']",Subject offerings of new and developing areas of knowledge in computer science intended to augment the existing curriculum. See Class Schedule or departmental course information for topics and prerequisites.
CS 598: Mach Lrng for Signal Processng,3.67,3,60,1,"['Darko Marinov', 'Andreas Paul Eberhard Kloeckner', 'Ruta Mehta', 'Trevor H Park', 'Ranjitha Kumar', 'Jian Peng', 'Karrie Karahalios', 'Paris Smaragdis', 'Bo Li', 'Timothy Moon-Yew Chan', 'David A Padua', 'Matus Jan Telgarsky', 'Josep Torrellas', 'Klara Nahrstedt', 'Nan Jiang']",['N/A'],"['Software Foundations', 'Intelligence and Big Data', 'Human and Social Impact', 'Media', 'Machines']",Subject offerings of new and developing areas of knowledge in computer science intended to augment the existing curriculum. See Class Schedule or departmental course information for topics and prerequisites.
CS 598: Machine Lrning Computation Bio,3.94,3,21,1,"['Darko Marinov', 'Andreas Paul Eberhard Kloeckner', 'Ruta Mehta', 'Trevor H Park', 'Ranjitha Kumar', 'Jian Peng', 'Karrie Karahalios', 'Paris Smaragdis', 'Bo Li', 'Timothy Moon-Yew Chan', 'David A Padua', 'Matus Jan Telgarsky', 'Josep Torrellas', 'Klara Nahrstedt', 'Nan Jiang']",['N/A'],"['Software Foundations', 'Intelligence and Big Data', 'Human and Social Impact', 'Media', 'Machines']",Subject offerings of new and developing areas of knowledge in computer science intended to augment the existing curriculum. See Class Schedule or departmental course information for topics and prerequisites.
CS 598: Parallel Programming,3.64,3,23,1,"['Darko Marinov', 'Andreas Paul Eberhard Kloeckner', 'Ruta Mehta', 'Trevor H Park', 'Ranjitha Kumar', 'Jian Peng', 'Karrie Karahalios', 'Paris Smaragdis', 'Bo Li', 'Timothy Moon-Yew Chan', 'David A Padua', 'Matus Jan Telgarsky', 'Josep Torrellas', 'Klara Nahrstedt', 'Nan Jiang']",['N/A'],"['Software Foundations', 'Intelligence and Big Data', 'Human and Social Impact', 'Media', 'Machines']",Subject offerings of new and developing areas of knowledge in computer science intended to augment the existing curriculum. See Class Schedule or departmental course information for topics and prerequisites.
CS 598: Topic in Algorithms,3.67,3,24,1,"['Darko Marinov', 'Andreas Paul Eberhard Kloeckner', 'Ruta Mehta', 'Trevor H Park', 'Ranjitha Kumar', 'Jian Peng', 'Karrie Karahalios', 'Paris Smaragdis', 'Bo Li', 'Timothy Moon-Yew Chan', 'David A Padua', 'Matus Jan Telgarsky', 'Josep Torrellas', 'Klara Nahrstedt', 'Nan Jiang']",['N/A'],"['Software Foundations', 'Intelligence and Big Data', 'Human and Social Impact', 'Media', 'Machines']",Subject offerings of new and developing areas of knowledge in computer science intended to augment the existing curriculum. See Class Schedule or departmental course information for topics and prerequisites.
CS 599: Thesis Research,N/A,3,N/A,N/A,"['Tarek Abdelzaher', 'Maria Jesus Garzaran', 'Daniel Dig', 'Alex Kirlik', 'Edgar Solomonik', 'Michael Bernard Twidale', 'Jugal Garg', 'Alexandra Kolla', 'Ranjitha Kumar', 'William D Gropp', 'Manoj M Prabhakaran', 'Madhusudan Parthasarathy', 'David A Padua', 'Vikram Adve', 'James Alan Basney', 'Deming Chen', 'Rakesh Kumar', 'Hari Sundaram', 'Sibin Mohan', 'William H Sanders', 'Eyal Amir', 'Martin D F Wong', 'Steven M. LaValle', 'Tandy Warnow', 'Nitin H Vaidya', 'Timothy Bretl', 'Corina R Girju', 'Derek W Hoiem', 'David E Goldberg', 'Alexander Schwing', 'Andreas Paul Eberhard Kloeckner', 'Darko Marinov', 'Ruta Mehta', 'Thomas J Anastasio', 'Elsa Gunter', 'Lui Sha', 'Rob A. Rutenbar', 'Indranil Gupta', 'Ravishankar K Iyer', 'Craig Zilles', 'Grigore Rosu', 'Rakesh Bobba', 'Gul A Agha', 'Jian Peng', 'Brian P Bailey', 'Luke Olson', 'Aditya G Parameswaran', 'Mark Hasegawa-Johnson', 'Matthew Caesar', 'Marco Caccamo', 'Seth Hutchinson', 'Michael Bailey', 'Bruce R Schatz', 'Samuel Talmadge King', 'Jennifer S Cole', 'Jian Ma', 'David Alexander Forsyth', 'Robin Hillary Kravets', 'Benjamin W Wah', 'Josep Torrellas', 'Philip B Godfrey', 'Matthew I Frank', 'Sayan Mitra', 'Jose Meseguer', 'Marianne S Winslett', 'Geoffrey Lindsay Herman', 'Constantine Polychronopoulos', 'Narendra Ahuja', 'Wen-Mei W Hwu', 'Donna Brown', 'Gerald F DeJong, II', 'Roy H Campbell', 'Margaret M Fleck', 'Yuanyuan Zhou', 'Nikita Borisov', 'Yizhou Yu', 'Svetlana Lazebnik', 'Sanmi Koyejo', 'Thomas S Huang', 'Weng Cho Chew', 'Jiawei Han', 'Adam Macneil Bates', 'Klara Nahrstedt', 'Paul Fischer', 'Sarita V Adve', 'Kevin Chen-Chuan Chang', 'Christopher Wardlaw Fletcher', 'Anil Nirmal Hirani', 'Carl Gunter', 'ChengXiang Zhai', 'Mani Golparvar Fard', 'Sariel Har-Peled', 'Tao Xie', 'Negar Kiyavash', 'P R Kumar', 'Ralph E Johnson', 'Saurabh Sinha', 'Wai-Tat Fu', 'Lav R Varshney', 'Laxmikant V Kale', 'Marc Snir', 'Sheng Zhong', 'Steven Lumetta', 'Olgica Milenkovic', 'Romit Roy Choudhury', 'Michael T Heath', 'Julia Constanze Hockenmaier', 'Matus Jan Telgarsky', 'David M. Nicol', 'Jeff G Erickson', 'Karrie Karahalios', 'Andrew Miller', 'Mahesh Viswanathan', 'Paris Smaragdis', 'Dan Roth', 'John C Hart', 'Yi Ma', 'Chandra Sekhar Chekuri', 'Sheldon Howard Jacobson', 'Leonard B Pitt', 'Sasa Misailovic', 'Samuel N Kamin']",['N/A'],['N/A'],Approved for S/U grading only. May be repeated.
